{
  "version": 1,
  "author": "Anonymous maker",
  "editor": "wokwi",
  "parts": [
    { "type": "wokwi-arduino-mega", "id": "mega", "top": 58.2, "left": -32.4, "attrs": {} },
    {
      "type": "wokwi-led",
      "id": "led1",
      "top": -42,
      "left": 71,
      "attrs": { "color": "limegreen" }
    },
    { "type": "wokwi-led", "id": "led2", "top": -42, "left": 167, "attrs": { "color": "red" } },
    { "type": "wokwi-led", "id": "led3", "top": -42, "left": 119, "attrs": { "color": "yellow" } },
    {
      "type": "wokwi-pushbutton",
      "id": "btn1",
      "top": 15.8,
      "left": -144,
      "attrs": { "color": "green" }
    },
    {
      "type": "wokwi-led",
      "id": "led4",
      "top": -42,
      "left": 311,
      "attrs": { "color": "limegreen" }
    },
    { "type": "wokwi-led", "id": "led5", "top": -42, "left": 349.4, "attrs": { "color": "red" } }
  ],
  "connections": [
    [ "led1:C", "mega:GND.1", "green", [ "v0" ] ],
    [ "led3:C", "mega:GND.1", "green", [ "v0" ] ],
    [ "led2:C", "mega:GND.1", "green", [ "v0" ] ],
    [ "led3:A", "mega:3", "yellow", [ "v0" ] ],
    [ "led2:A", "mega:0", "red", [ "v0" ] ],
    [ "led1:A", "mega:9", "green", [ "v0" ] ],
    [ "btn1:1.r", "mega:GND.1", "green", [ "v0" ] ],
    [ "btn1:2.r", "mega:7", "green", [ "h0" ] ],
    [ "led4:C", "mega:GND.1", "green", [ "v0" ] ],
    [ "led4:A", "mega:8", "green", [ "v0" ] ],
    [ "led5:C", "mega:GND.1", "green", [ "v0" ] ],
    [ "led5:A", "mega:1", "green", [ "v0" ] ]
  ],
  "dependencies": {}
}