{
  "version": 1,
  "author": "Anonymous maker",
  "editor": "wokwi",
  "parts": [
    { "type": "wokwi-arduino-uno", "id": "uno", "top": 202.2, "left": 18.6, "attrs": {} },
    { "type": "wokwi-lcd1602", "id": "lcd", "top": 3.43, "left": 25.6, "attrs": {} },
    { "type": "wokwi-hc-sr04", "id": "ultrasonic1", "top": 183.9, "left": 360.7, "attrs": {} }
  ],
  "connections": [
    [ "uno:GND.1", "lcd:K", "black", [ "v-28.8", "h67.5" ] ],
    [ "uno:GND.1", "lcd:RW", "black", [ "v-28.8", "h-38" ] ],
    [ "uno:12", "lcd:RS", "white", [ "v-57.6", "h-67" ] ],
    [ "uno:11", "lcd:E", "violet", [ "v-48", "h-57" ] ],
    [ "uno:10", "lcd:D4", "magenta", [ "v-38.4", "h-18.5" ] ],
    [ "uno:9", "lcd:D5", "cyan", [ "v-28", "*", "h0", "v20" ] ],
    [ "uno:8", "lcd:D6", "gold", [ "v-19.2", "h-19" ] ],
    [ "lcd:VDD", "uno:5V", "red", [ "v14.63", "h-51.9", "v259.2", "h172.8" ] ],
    [ "lcd:A", "uno:5V", "red", [ "v14.63", "h120.7", "v259.2", "h-124.8" ] ],
    [ "lcd:VSS", "uno:GND.1", "black", [ "v48", "h76.5" ] ],
    [ "lcd:D7", "uno:7", "orange", [ "v67.2", "h29.1" ] ],
    [ "ultrasonic1:VCC", "uno:5V", "red", [ "v144", "h-249.6" ] ],
    [ "ultrasonic1:GND", "uno:GND.2", "black", [ "v153.6", "h-270" ] ],
    [ "ultrasonic1:TRIG", "uno:A0", "cyan", [ "v134.4", "h-211.6" ] ],
    [ "ultrasonic1:ECHO", "uno:A1", "yellow", [ "v172.8", "h-221.6" ] ]
  ],
  "dependencies": {}
}