{
  "version": 1,
  "author": "Anonymous maker",
  "editor": "wokwi",
  "parts": [
    { "type": "wokwi-arduino-mega", "id": "mega", "top": 58.2, "left": -32.4, "attrs": {} },
    { "type": "wokwi-led", "id": "led1", "top": -42, "left": 71, "attrs": { "color": "cyan" } },
    { "type": "wokwi-photoresistor-sensor", "id": "ldr2", "top": 272, "left": 87.2, "attrs": {} }
  ],
  "connections": [
    [ "led1:C", "mega:GND.1", "green", [ "v0" ] ],
    [ "led1:A", "mega:6", "green", [ "v0" ] ],
    [ "ldr2:VCC", "mega:5V", "red", [ "h0" ] ],
    [ "ldr2:AO", "mega:A7", "green", [ "h0" ] ],
    [ "ldr2:GND", "mega:GND.1", "black", [ "h0" ] ]
  ],
  "dependencies": {}
}