{
  "version": 1,
  "author": "Anonymous maker",
  "editor": "wokwi",
  "parts": [
    { "type": "wokwi-arduino-uno", "id": "uno", "top": 0, "left": 0, "attrs": {} },
    { "type": "wokwi-servo", "id": "servo1", "top": -146, "left": 48, "attrs": {} },
    { "type": "wokwi-hc-sr04", "id": "ultrasonic1", "top": 11.1, "left": -205.7, "attrs": {} }
  ],
  "connections": [
    [ "servo1:GND", "uno:GND.1", "black", [ "h-38.4", "v86.4", "h134.4" ] ],
    [ "servo1:V+", "uno:5V", "red", [ "h-67.2", "v307.3", "h28.8" ] ],
    [ "servo1:PWM", "uno:12", "white", [ "h-19.2", "v48.2", "h105.6" ] ],
    [ "ultrasonic1:VCC", "uno:5V", "red", [ "v182.4", "h326.4" ] ],
    [ "ultrasonic1:ECHO", "uno:A0", "blue", [ "v192", "h354.4" ] ],
    [ "ultrasonic1:TRIG", "uno:A1", "orange", [ "v201.6", "h335.6", "h9.6", "v-115.7" ] ],
    [ "ultrasonic1:GND", "uno:GND.2", "black", [ "v134.4", "h248.4" ] ]
  ],
  "dependencies": {}
}