{
  "version": 1,
  "author": "Anonymous maker",
  "editor": "wokwi",
  "parts": [
    { "type": "wokwi-arduino-uno", "id": "uno", "top": 0, "left": 0, "attrs": {} },
    {
      "type": "wokwi-led",
      "id": "led1",
      "top": -128.4,
      "left": 109.4,
      "attrs": { "color": "limegreen" }
    },
    {
      "type": "wokwi-led",
      "id": "led6",
      "top": -109.2,
      "left": 90.2,
      "attrs": { "color": "yellow" }
    },
    { "type": "wokwi-led", "id": "led7", "top": -90, "left": 71, "attrs": { "color": "orange" } },
    {
      "type": "wokwi-led",
      "id": "led8",
      "top": -186,
      "left": 167,
      "attrs": { "color": "purple" }
    },
    {
      "type": "wokwi-led",
      "id": "led9",
      "top": -166.8,
      "left": 147.8,
      "attrs": { "color": "blue" }
    },
    {
      "type": "wokwi-led",
      "id": "led10",
      "top": -70.8,
      "left": 51.8,
      "attrs": { "color": "red" }
    },
    {
      "type": "wokwi-led",
      "id": "led11",
      "top": -147.6,
      "left": 128.6,
      "attrs": { "color": "green" }
    }
  ],
  "connections": [
    [ "led10:C", "uno:GND.1", "black", [ "v19.2", "h48.4" ] ],
    [ "led7:C", "uno:GND.1", "black", [ "v19.2", "h29.2" ] ],
    [ "led6:C", "uno:GND.1", "black", [ "v19.2", "h10" ] ],
    [ "led1:C", "uno:GND.1", "black", [ "v38.4", "h-9.2" ] ],
    [ "led11:C", "uno:GND.1", "black", [ "v57.6", "h-28.4" ] ],
    [ "led9:C", "uno:GND.1", "black", [ "v76.8", "h-47.6" ] ],
    [ "led8:C", "uno:GND.1", "black", [ "v96", "h-66.8" ] ],
    [ "led8:A", "uno:0", "black", [ "v96", "h67.2" ] ],
    [ "led9:A", "uno:1", "black", [ "v76.8", "h86.4" ] ],
    [ "led11:A", "uno:2", "black", [ "v57.6", "h67.2" ] ],
    [ "led1:A", "uno:3", "black", [ "v38.4", "h28.8" ] ],
    [ "led6:A", "uno:4", "black", [ "v19.2", "h38.4" ] ],
    [ "led7:A", "uno:5", "black", [ "v0", "h86.4" ] ],
    [ "led10:A", "uno:6", "black", [ "v9.6", "h124.8" ] ]
  ],
  "dependencies": {}
}