{
  "version": 1,
  "author": "Anonymous maker",
  "editor": "wokwi",
  "parts": [
    { "type": "wokwi-arduino-uno", "id": "uno", "top": 0, "left": 0, "attrs": {} },
    { "type": "wokwi-hc-sr04", "id": "ultrasonic1", "top": -123.3, "left": -52.1, "attrs": {} },
    { "type": "wokwi-hc-sr04", "id": "ultrasonic2", "top": -123.3, "left": 149.5, "attrs": {} },
    {
      "type": "wokwi-rgb-led",
      "id": "rgb1",
      "top": -101.6,
      "left": -104.5,
      "attrs": { "common": "cathode" }
    },
    {
      "type": "wokwi-rgb-led",
      "id": "rgb2",
      "top": -101.6,
      "left": 327.5,
      "attrs": { "common": "cathode" }
    }
  ],
  "connections": [
    [ "ultrasonic1:VCC", "uno:5V", "red", [ "v259.2", "h153.6" ] ],
    [
      "ultrasonic2:VCC",
      "uno:5V",
      "red",
      [ "v19.2", "h124.8", "v0", "h-9.6", "v240", "h-172.8" ]
    ],
    [ "ultrasonic1:GND", "uno:GND.1", "black", [ "v19.2", "h66" ] ],
    [ "ultrasonic2:GND", "uno:GND.1", "black", [ "v19.2", "h-135.6", "v19.2" ] ],
    [ "ultrasonic1:TRIG", "uno:7", "magenta", [ "v19.2", "h153.2" ] ],
    [ "ultrasonic1:ECHO", "uno:6", "yellow", [ "v19.2", "h162.4" ] ],
    [ "ultrasonic2:ECHO", "uno:4", "cyan", [ "v19.2", "h-29.6" ] ],
    [ "ultrasonic2:TRIG", "uno:5", "white", [ "v9.6", "h-19.6" ] ],
    [ "rgb1:R", "uno:13", "red", [ "v38.4", "h220.8" ] ],
    [ "rgb1:G", "uno:12", "green", [ "v28.8", "h212.5" ] ],
    [ "rgb1:B", "uno:11", "blue", [ "v19.2", "h212.8" ] ],
    [ "rgb2:R", "uno:10", "red", [ "v38.4", "h-182.4" ] ],
    [ "rgb2:G", "uno:9", "green", [ "v28.8", "h-190.7" ] ],
    [ "rgb2:B", "uno:8", "blue", [ "v19.2", "h-190.4" ] ],
    [ "rgb2:COM", "uno:GND.1", "black", [ "v28.4", "h0.1" ] ],
    [ "rgb1:COM", "uno:GND.1", "black", [ "v38", "h0.1" ] ]
  ],
  "dependencies": {}
}