{
  "version": 1,
  "author": "Anonymous maker",
  "editor": "wokwi",
  "parts": [
    { "type": "wokwi-arduino-uno", "id": "uno", "top": 0, "left": 0, "attrs": {} },
    { "type": "wokwi-servo", "id": "servo1", "top": -222.8, "left": 96, "attrs": {} },
    { "type": "wokwi-servo", "id": "servo2", "top": -117.2, "left": 96, "attrs": {} },
    { "type": "wokwi-potentiometer", "id": "pot1", "top": -78.1, "left": -144.2, "attrs": {} }
  ],
  "connections": [
    [ "servo1:GND", "uno:GND.1", "black", [ "h-38.4", "v153.6", "h57.6" ] ],
    [ "servo2:GND", "uno:GND.1", "black", [ "h-28.8", "v38.4", "h48" ] ],
    [ "servo2:V+", "uno:5V", "red", [ "h-105.6", "v268.9", "h172.8" ] ],
    [ "servo1:V+", "uno:5V", "red", [ "h-115.2", "v384.1", "h182.4" ] ],
    [ "servo1:PWM", "uno:11", "gray", [ "h-9.6", "v0.2", "h-9.6", "v144", "h67.2" ] ],
    [ "servo2:PWM", "uno:10", "gray", [ "h-9.6", "v29", "h67.2" ] ],
    [ "pot1:VCC", "uno:5V", "red", [ "v240", "h248.8" ] ],
    [ "pot1:SIG", "uno:A0", "white", [ "v249.6", "h306.8" ] ],
    [ "pot1:GND", "uno:GND.1", "black", [ "v9.6", "h57.6", "v-9.6", "h172.8" ] ]
  ],
  "dependencies": {}
}