{
  "version": 1,
  "author": "Anonymous maker",
  "editor": "wokwi",
  "parts": [
    { "type": "wokwi-arduino-mega", "id": "mega", "top": 58.2, "left": -32.4, "attrs": {} },
    { "type": "wokwi-led", "id": "led1", "top": -42, "left": 71, "attrs": { "color": "cyan" } },
    { "type": "wokwi-potentiometer", "id": "pot1", "top": -58.9, "left": 163, "attrs": {} }
  ],
  "connections": [
    [ "led1:C", "mega:GND.1", "green", [ "v0" ] ],
    [ "led1:A", "mega:6", "green", [ "v0" ] ],
    [ "pot1:GND", "mega:GND.1", "black", [ "v0" ] ],
    [ "pot1:SIG", "mega:A0", "green", [ "v230.4", "h-29.2" ] ],
    [ "pot1:VCC", "mega:5V", "red", [ "v0" ] ]
  ],
  "dependencies": {}
}