{
  "version": 1,
  "author": "Anonymous maker",
  "editor": "wokwi",
  "parts": [
    { "type": "wokwi-arduino-uno", "id": "uno", "top": 0, "left": 0, "attrs": {} },
    { "type": "wokwi-hc-sr04", "id": "ultrasonic1", "top": -152.1, "left": 63.1, "attrs": {} },
    {
      "type": "wokwi-rgb-led",
      "id": "rgb1",
      "top": -140,
      "left": 279.5,
      "attrs": { "common": "cathode" }
    }
  ],
  "connections": [
    [ "ultrasonic1:VCC", "uno:5V", "red", [ "v0" ] ],
    [ "ultrasonic1:GND", "uno:GND.1", "black", [ "v0" ] ],
    [ "rgb1:COM", "uno:GND.1", "green", [ "v0" ] ],
    [ "ultrasonic1:TRIG", "uno:3", "green", [ "v0" ] ],
    [ "ultrasonic1:ECHO", "uno:2", "green", [ "v67.2", "h76" ] ],
    [ "rgb1:B", "uno:5", "green", [ "v0" ] ],
    [ "rgb1:G", "uno:6", "green", [ "v0" ] ],
    [ "rgb1:R", "uno:7", "green", [ "v0" ] ]
  ],
  "dependencies": {}
}