{
  "version": 1,
  "author": "Anonymous maker",
  "editor": "wokwi",
  "parts": [
    { "type": "wokwi-arduino-uno", "id": "uno", "top": 20, "left": 20, "attrs": {} },
    {
      "type": "wokwi-lcd1602",
      "id": "lcd",
      "top": 268.37,
      "left": 200.69,
      "attrs": { "pins": "i2c" }
    }
  ],
  "connections": [
    [ "uno:GND.2", "lcd:GND", "black", [ "v14", "*", "h-20" ] ],
    [ "uno:5V", "lcd:VCC", "red", [ "v18", "*", "h-16" ] ],
    [ "uno:A4", "lcd:SDA", "green", [ "v22", "*", "h-12" ] ],
    [ "uno:A5", "lcd:SCL", "blue", [ "v26", "*", "h-8" ] ]
  ],
  "dependencies": {}
}