{
  "version": 1,
  "author": "Anonymous maker",
  "editor": "wokwi",
  "parts": [
    { "type": "wokwi-arduino-uno", "id": "uno", "top": 185, "left": 71, "attrs": {} },
    {
      "type": "wokwi-buzzer",
      "id": "buzzer",
      "top": 218.1,
      "left": 417.3,
      "rotate": 90,
      "attrs": { "volume": "0.2" }
    },
    {
      "type": "wokwi-pushbutton",
      "id": "btn3",
      "top": 66.6,
      "left": 99,
      "rotate": 90,
      "attrs": { "color": "black", "key": "1" }
    },
    {
      "type": "wokwi-pushbutton",
      "id": "btn4",
      "top": 66.6,
      "left": 147,
      "rotate": 90,
      "attrs": { "color": "black", "key": "2" }
    },
    {
      "type": "wokwi-pushbutton",
      "id": "btn5",
      "top": 66.6,
      "left": 195,
      "rotate": 90,
      "attrs": { "color": "black", "key": "5" }
    },
    {
      "type": "wokwi-pushbutton",
      "id": "btn6",
      "top": 66.6,
      "left": 243,
      "rotate": 90,
      "attrs": { "color": "black", "key": "6" }
    },
    {
      "type": "wokwi-pushbutton",
      "id": "btn8",
      "top": 66.6,
      "left": 291,
      "rotate": 90,
      "attrs": { "color": "black", "key": "8" }
    }
  ],
  "connections": [
    [ "uno:GND.1", "buzzer:1", "black", [ "v-16", "*", "h-18" ] ],
    [ "uno:8", "buzzer:2", "red", [ "v-24", "*", "h-10" ] ],
    [ "uno:12", "btn3:1.r", "white", [ "v-38", "h0" ] ],
    [ "uno:GND.1", "btn3:2.r", "black", [ "v-16", "h0" ] ],
    [ "uno:11", "btn4:1.r", "white", [ "v-46", "h20" ] ],
    [ "uno:GND.1", "btn4:2.r", "black", [ "v-16", "h0" ] ],
    [ "uno:9", "btn5:1.r", "white", [ "v-56", "h0" ] ],
    [ "uno:GND.1", "btn5:2.r", "black", [ "v-16", "h0" ] ],
    [ "uno:5", "btn6:1.r", "white", [ "v-48", "h0" ] ],
    [ "uno:GND.1", "btn6:2.r", "black", [ "v-16", "h0" ] ],
    [ "uno:4", "btn8:1.r", "white", [ "v-32", "h0" ] ],
    [ "uno:GND.1", "btn8:2.r", "black", [ "v-16", "h0" ] ]
  ],
  "dependencies": {}
}