{
  "version": 1,
  "author": "Anonymous maker",
  "editor": "wokwi",
  "parts": [
    { "type": "wokwi-arduino-uno", "id": "uno", "top": 183.33, "left": -51.33, "attrs": {} },
    {
      "type": "wokwi-74hc595",
      "id": "sr1",
      "top": 102.5,
      "left": 182.16,
      "rotate": 90,
      "attrs": {}
    },
    {
      "type": "wokwi-7segment",
      "id": "sevseg1",
      "top": 62.58,
      "left": 101.08,
      "attrs": { "common": "cathode" }
    }
  ],
  "connections": [
    [ "sr1:GND", "uno:GND.1", "black", [ "h0" ] ],
    [ "sr1:VCC", "uno:5V", "red", [ "h30", "v323", "h-156" ] ],
    [ "sr1:DS", "uno:2", "blue", [ "h16", "v70", "h-68" ] ],
    [ "uno:GND.1", "sr1:OE", "black", [ "v-22", "h184", "v-52" ] ],
    [ "sr1:STCP", "uno:4", "purple", [ "h7", "v43", "h-77" ] ],
    [ "sr1:SHCP", "uno:3", "gray", [ "h4", "v30", "h-66" ] ],
    [ "sevseg1:COM.1", "uno:GND.1", "black", [ "v38.4", "h-60.63" ] ],
    [ "sevseg1:COM.2", "uno:GND.1", "black", [ "v-37.56", "h-60.63" ] ],
    [ "sr1:Q0", "sevseg1:DP", "black", [ "h13.94", "v-27.56", "h-67.2", "v76.8", "h-19.2" ] ],
    [ "sevseg1:G", "sr1:Q1", "black", [ "v-18.36", "h86.4" ] ],
    [ "sevseg1:F", "sr1:Q2", "black", [ "v-8.76", "h76.8" ] ],
    [ "sr1:Q6", "sevseg1:B", "black", [ "v-85.16", "h-61.66" ] ],
    [ "sevseg1:A", "sr1:Q7", "black", [ "v-18.36", "h71.26" ] ],
    [ "sr1:Q5", "sevseg1:C", "black", [ "h-32.86", "v10.84" ] ],
    [ "sr1:Q4", "sevseg1:D", "black", [ "v20.44", "h-90.46" ] ],
    [ "sevseg1:E", "sr1:Q3", "black", [ "h57.6", "v-30.04" ] ]
  ],
  "dependencies": {}
}