{
  "version": 1,
  "author": "Anonymous maker",
  "editor": "wokwi",
  "parts": [
    { "type": "wokwi-arduino-mega", "id": "mega", "top": 0, "left": 0, "attrs": {} },
    {
      "type": "wokwi-led",
      "id": "led1",
      "top": -118.8,
      "left": 128.6,
      "attrs": { "color": "cyan" }
    },
    {
      "type": "wokwi-pushbutton",
      "id": "btn1",
      "top": -99.4,
      "left": -163.2,
      "attrs": { "color": "green" }
    }
  ],
  "connections": [
    [ "led1:C", "mega:GND.1", "green", [ "v0" ] ],
    [ "led1:A", "mega:6", "green", [ "v0" ] ],
    [ "btn1:1.r", "mega:GND.1", "green", [ "v0" ] ],
    [ "btn1:2.r", "mega:2", "green", [ "h0" ] ]
  ],
  "dependencies": {}
}