{
  "version": 1,
  "author": "Anonymous maker",
  "editor": "wokwi",
  "parts": [
    { "type": "wokwi-arduino-mega", "id": "mega", "top": 58.2, "left": -32.4, "attrs": {} },
    { "type": "wokwi-led", "id": "led1", "top": -90, "left": 128.6, "attrs": { "color": "red" } },
    { "type": "wokwi-led", "id": "led2", "top": -70.8, "left": 90.2, "attrs": { "color": "red" } },
    { "type": "wokwi-led", "id": "led3", "top": -22.8, "left": 119, "attrs": { "color": "red" } },
    { "type": "wokwi-led", "id": "led5", "top": -3.6, "left": 90.2, "attrs": { "color": "red" } },
    { "type": "wokwi-led", "id": "led6", "top": -51.6, "left": 32.6, "attrs": { "color": "red" } },
    { "type": "wokwi-led", "id": "led8", "top": -90, "left": 51.8, "attrs": { "color": "red" } },
    {
      "type": "wokwi-led",
      "id": "led9",
      "top": -51.6,
      "left": 147.8,
      "attrs": { "color": "red" }
    },
    { "type": "wokwi-led", "id": "led4", "top": -22.8, "left": 61.4, "attrs": { "color": "red" } }
  ],
  "connections": [
    [ "led5:C", "mega:GND.1", "green", [ "v0" ] ],
    [ "led4:C", "mega:GND.1", "black", [ "v67.2", "h0.4", "v9.6" ] ],
    [ "led3:C", "mega:GND.1", "black", [ "v0" ] ],
    [ "led9:C", "mega:GND.1", "black", [ "v0" ] ],
    [ "led8:C", "mega:GND.1", "black", [ "v0" ] ],
    [ "led2:C", "mega:GND.1", "black", [ "v0" ] ],
    [ "led1:C", "mega:GND.1", "black", [ "v0" ] ],
    [ "led6:C", "mega:GND.1", "black", [ "v0" ] ],
    [ "led6:A", "mega:0", "black", [ "v0" ] ],
    [ "led4:A", "mega:1", "black", [ "v0" ] ],
    [ "led5:A", "mega:2", "black", [ "v0" ] ],
    [ "led3:A", "mega:3", "black", [ "v0" ] ],
    [ "led9:A", "mega:4", "black", [ "v0" ] ],
    [ "led1:A", "mega:5", "black", [ "v0" ] ],
    [ "led2:A", "mega:6", "black", [ "v0" ] ],
    [ "led8:A", "mega:7", "black", [ "v0" ] ]
  ],
  "dependencies": {}
}